a,b,c,d,alpha,IS_HEALTHY,BRAF v600,KRAS c122,KRAS c146,KRAS c61,NRAS c61,NRAS ex2
-2829.6872523622633,5241.087007660393,2.7207407228359264,-82.07355920156219,0.2685058060811394,0.0,0,1,0,0,0,0
-2393.4759621556063,5058.548070052111,2.307299586355597,-81.97652167505699,0.30537716132949416,0.0,0,1,0,0,0,0
-2667.6885751941127,5034.577499458831,2.7294618035805494,-82.09185612805686,0.25917548820815606,0.0,0,1,0,0,0,0
-2225.556401304842,5071.493333434741,2.050978410409794,-81.91163585102413,0.33756791558765514,0.0,0,1,0,0,0,0
-2288.9946018374867,5221.170383849309,1.895123131079634,-81.8420497855395,0.3747764025550513,0.0,0,1,0,0,0,0
-2128.3629881097595,5008.5631725587255,1.7803869673892811,-81.68889088402332,0.33227412839848036,1.0,0,1,0,0,0,0
-2890.428874340482,5170.437572499563,2.898229289832003,-82.08543485970948,0.24257358815627897,0.0,0,1,0,0,0,0
-2114.958021188496,4447.780186097128,3.0008957701279972,-82.29607109931003,0.2425302710010143,0.0,0,1,0,0,0,0
-1958.9505023222619,4576.777051387272,2.465899777903282,-82.12809738092622,0.3072161867173654,0.0,0,1,0,0,0,0
-1791.929059441161,4596.804154505117,2.142139545490555,-82.00792192093215,0.34760313869767734,0.0,0,1,0,0,0,0
-1799.3429139192185,4626.62153718328,2.017338643092051,-81.96611933800433,0.2720182124493455,1.0,0,1,0,0,0,0
-1700.6711680240442,4535.920050929326,2.027717247053739,-82.01394934675632,0.36303785608851163,0.0,0,1,0,0,0,0
-2263.2317873159495,4636.7274987228175,3.6723382412759293,-82.07096165076624,0.12968029204655768,1.0,0,1,0,0,0,0
-1706.2938850429152,4169.249776800912,3.1947501300321637,-81.84596019652402,0.24488408486478813,0.0,0,1,0,0,0,0
-1861.7846513299162,4171.977858536744,3.356780026700889,-81.94801848542124,0.23423993239516505,0.0,0,1,0,0,0,0
-1924.666178034934,4402.141146091029,3.251075569498846,-81.86638224540393,0.24497441155930558,0.0,0,1,0,0,0,0
-2448.9991828939105,4703.6937059765,3.168472646771211,-82.54090269217224,0.20388047706862508,0.0,0,1,0,0,0,0
-2414.1466372634636,4658.579338547849,3.086546726147919,-82.39434290129607,0.15420334427281224,1.0,0,1,0,0,0,0
-2225.2226064718275,4502.215878371463,3.0753740147957225,-82.55491735611824,0.19219740591584838,0.0,0,1,0,0,0,0
-2252.3252582105897,4538.115098535453,3.057046481061091,-82.36071333362881,0.15829644969061993,1.0,0,1,0,0,0,0
-2158.7490482529342,4476.289762156056,3.0871055169964245,-82.54124062579125,0.17453259328635837,0.0,0,1,0,0,0,0
-1915.9314811630857,4206.574681683124,2.953531305829842,-82.42898505972292,0.2417500875237567,0.0,0,1,0,0,0,0
-2242.414984963651,4607.309330631297,2.9361178452082113,-82.50820132630147,0.22636727090903846,0.0,0,1,0,0,0,0
-1594.6372855258933,4185.880437764615,2.371283215467444,-82.31291636320496,0.2890170662855317,0.0,0,1,0,0,0,0
-2182.8642893012875,4605.128853514943,2.9953997286776173,-82.45345900279293,0.22026824649617047,0.0,0,1,0,0,0,0
-2130.9545069416217,4573.992027627335,2.928428552265713,-82.38216942880274,0.23519662844386466,0.0,0,1,0,0,0,0
-2419.2058731685015,4865.099335279181,3.0975093964449836,-82.36945206748939,0.16465038116313055,1.0,0,1,0,0,0,0
-1736.000553279797,4057.9413691315804,3.048108350601849,-82.3811930955425,0.1625617571601326,1.0,0,1,0,0,0,0
-2395.9231370333296,4749.98251834196,2.857699537469777,-82.43717446545078,0.254792377827477,0.0,0,1,0,0,0,0
-2100.7448729169364,4527.983916449739,2.7346502460638074,-82.41078483117653,0.26239760180001354,0.0,0,1,0,0,0,0
-2548.3525736258753,4816.593815014416,3.471955551223607,-82.42331042235418,0.11837009337185252,1.0,0,1,0,0,0,0
-2190.5742823485903,4499.688965821566,2.980009125942698,-82.47710424964735,0.19227977045585065,1.0,0,1,0,0,0,0
-2146.855406128135,4432.633780519844,2.9770699667524045,-82.44044430189241,0.2327855176343002,0.0,0,1,0,0,0,0
-2073.97843848592,4524.093943808888,2.529137264963969,-82.35740914089392,0.287501621140083,0.0,0,1,0,0,0,0
-2366.6884269468783,4754.6223473241635,2.8321884237726844,-82.43235888330898,0.26006372781347514,0.0,0,1,0,0,0,0
-2786.92548414398,5060.685441330316,3.039586829086399,-82.36179534875203,0.2533601811545311,0.0,0,1,0,0,0,0
-3298.697094098889,5632.660804922335,3.500387424825306,-82.29129660168505,0.12835426002090444,0.0,0,1,0,0,0,0
-2870.3023759773314,5193.931079534595,2.925844255611315,-82.27942664335258,0.24435878366368613,0.0,0,1,0,0,0,0
-2678.1917075889537,5014.537483752594,2.9429573126548076,-82.23985489149075,0.2502260733789091,0.0,0,1,0,0,0,0
-2643.5956385636327,5026.338689843142,2.9035602106652094,-82.31451023046564,0.25499039591380823,0.0,0,1,0,0,0,0
-2477.1518395209478,4893.065080976499,2.944688591040827,-82.21477392110165,0.24504340635065494,0.0,0,1,0,0,0,0
-2635.147335467564,4999.326172061086,3.0048757068258714,-82.25145024334911,0.25182515982823883,0.0,0,1,0,0,0,0
-2947.1941253886816,5263.909192603981,2.8203592593373394,-81.98021281033269,0.2020182868663148,0.0,0,1,0,0,0,0
-2822.8591688125066,5292.348546452,2.2415631261229696,-80.84533392438063,0.1379146782948264,0.0,0,0,0,1,0,0
-2343.7617555004736,5001.449082217935,1.740543117934417,-80.71761090246727,0.19857223855460096,0.0,0,0,0,1,0,0
-2800.4883731341592,5197.784972130969,2.157021497232753,-80.77250595888836,0.14112567129792097,0.0,0,0,0,1,0,0
-2154.668498269755,5008.826250308719,1.464768749772624,-80.35222628789684,0.2383780552128956,1.0,0,0,0,1,0,0
-2416.8909502952383,5499.987635092974,1.239459404900023,-80.46379388494954,0.3309049088165993,0.0,0,0,0,1,0,0
-2197.590991296231,5164.828085902034,1.557904123000566,-80.6321161363478,0.21360956898996708,0.0,0,0,0,1,0,0
-3238.5717325963988,5556.20326012269,2.468648193668739,-80.76742643380528,0.11435288475552816,0.0,0,0,0,1,0,0
-2227.3134903073824,4573.440925010984,2.3188627255978576,-81.13266788004873,0.1439576186565151,0.0,0,0,0,1,0,0
-2007.2448671317854,4628.948946323243,1.7067014155281672,-80.8939117081646,0.22500047892879205,0.0,0,0,0,1,0,0
-1856.6000580918853,4657.317253948444,1.6201154235480546,-80.57121950145202,0.2253015180426376,1.0,0,0,0,1,0,0
-1563.8657345493855,4003.092076877381,2.5373605782838933,-80.3626918117511,0.16768077376043689,1.0,0,0,0,1,0,0
-1666.8368575550069,4452.888239143973,1.4204042300689135,-80.61882567942787,0.31289560316796455,0.0,0,0,0,1,0,0
-1786.089412562263,4628.4527984137685,1.309631371674325,-80.64119278931108,0.3464230027431871,0.0,0,0,0,1,0,0
-2101.0104218245688,4446.450162916818,2.4287753131698313,-80.81380277904387,0.15915432605330224,0.0,0,0,0,1,0,0
-1991.5286830698626,4506.334508403141,2.2183313820339774,-80.62811823735132,0.18981351296684443,0.0,0,0,0,1,0,0
-2020.6883953497234,4315.693115482842,2.426247863292998,-80.7026443154579,0.16798104772311517,0.0,0,0,0,1,0,0
-2039.807118237369,4423.518785965477,2.3576010563647682,-80.64844825063724,0.16913685736543174,0.0,0,0,0,1,0,0
-2632.354172873737,4949.552471836831,2.541376028246022,-81.33414566091228,0.12820156350105855,0.0,0,0,0,1,0,0
-2217.3936332754515,4501.503338288802,2.5178261206672143,-81.25761162995411,0.12972212121216128,0.0,0,0,0,1,0,0
-2606.9035286598505,4920.75642276294,2.3877259889176963,-81.29989998659082,0.13096658292717872,0.0,0,0,0,1,0,0
-2205.5420556593635,4488.270363408717,2.3678346108189703,-81.29851133251245,0.13147544556695875,0.0,0,0,0,1,0,0
-2530.2576006301647,4935.9272117750725,2.1961379563028602,-81.24472617742285,0.1544301114438709,0.0,0,0,0,1,0,0
-2328.3690193384605,4683.257162246154,2.394523981057976,-81.21666667848089,0.1312120111292142,0.0,0,0,0,1,0,0
-2590.6883806922833,5019.119665733124,2.2201876895114467,-81.19909584693882,0.1562811237062076,0.0,0,0,0,1,0,0
-2011.5507600371752,4617.2391677924625,1.809948378530832,-81.10401788879902,0.20830240911240372,0.0,0,0,0,1,0,0
-2335.7044518851953,4756.525563474446,2.2861760995325926,-81.19487467869301,0.1496409775307648,0.0,0,0,0,1,0,0
-2390.7657708933248,4870.529943263498,2.250500940009291,-81.21218119357306,0.15952844649724235,0.0,0,0,0,1,0,0
-2472.472778789451,4772.985766520503,2.457174189681244,-81.21811442539448,0.13712488495912026,0.0,0,0,0,1,0,0
-2274.5398930517304,4605.526848517314,2.3611081610615874,-81.17135616382545,0.14444007264707742,0.0,0,0,0,1,0,0
-2535.3443787629917,4969.648900316149,2.2996248833941455,-81.2824558990594,0.14949225325252535,0.0,0,0,0,1,0,0
-2271.6264232642675,4728.54513744412,2.205367560041821,-81.21066768431537,0.1456651515701786,0.0,0,0,0,1,0,0
-2634.08823554241,4933.322588857326,2.442053363405678,-81.23949106673757,0.1345758384961831,0.0,0,0,0,1,0,0
-2199.649513146871,4526.111744645766,2.2398926536590653,-81.16513850758935,0.1578306151999445,0.0,0,0,0,1,0,0
-2644.924281653427,4992.550972742765,2.4064567426349015,-81.2103494699472,0.13891916113269207,0.0,0,0,0,1,0,0
-2336.8824419939183,4917.89619276676,1.9394616386635686,-81.09260827048996,0.18748619903214833,0.0,0,0,0,1,0,0
-2585.2209524277564,5013.577485177041,2.2366498898769414,-81.17728559559411,0.15985837098629135,0.0,0,0,0,1,0,0
-2458.496858594359,4737.193091929529,2.8541196403745954,-80.91359282982185,0.10367099557736549,0.0,0,0,0,1,0,0
-2470.5870923470848,4762.251973617322,2.4993550692263296,-81.09363511210987,0.11712472831228969,0.0,0,0,0,1,0,0
-2405.3212283141334,4676.979076769248,2.5414133548682067,-81.05638108091063,0.1104690543234226,0.0,0,0,0,1,0,0
-2330.289127837955,4626.308967301588,2.5130126727035154,-81.06665042747409,0.11408638570780186,0.0,0,0,0,1,0,0
-2327.0848749654615,4666.136486826035,2.3356953851719933,-80.74119123068445,0.1401454084845314,0.0,0,0,0,1,0,0
-2198.597088326817,4559.683973809484,2.250678252647031,-80.971335433419,0.1563494911184165,0.0,0,0,0,1,0,0
-2488.278364294201,4838.815114568727,2.4848761235488928,-81.08421362915203,0.131094417136633,0.0,0,0,0,1,0,0
-2279.034854057176,4634.953895554906,2.4632286886062538,-81.0311398277509,0.13624931730941311,0.0,0,0,0,1,0,0
-2249.951336603354,4759.782383865725,3.0708256649577033,-79.09130279333694,0.2774323274115898,0.0,0,0,1,0,0,0
-1777.0013933304108,4554.73159175292,2.3287412046277134,-78.90752908005236,0.3828783176514405,1.0,0,0,1,0,0,0
-2157.632225116994,4623.3106791814735,3.031642948033518,-79.0320371000447,0.27861499366773945,0.0,0,0,1,0,0,0
-1688.4673179020267,4765.334938562355,1.9330395628953159,-78.75487266331749,0.45129890008166923,0.0,0,0,1,0,0,0
-1869.0412088401304,5140.800750036304,1.8506983403902852,-78.72974520888127,0.46692528957194673,0.0,0,0,1,0,0,0
-1634.2885719899507,4822.172589691963,1.9195617754764436,-78.61062581942961,0.5016723964560275,0.0,0,0,1,0,0,0
-2630.3092754097015,4893.090150392794,3.3154439735457166,-79.05505001676121,0.2564363461063086,0.0,0,0,1,0,0,0
-1844.1958160550007,4214.48054455059,3.1458463993105514,-79.24130583199435,0.27378123065734944,0.0,0,0,1,0,0,0
-1872.934884847192,4640.3048370321385,2.4046212033117618,-79.04574491202882,0.3638083887152409,0.0,0,0,1,0,0,0
-1603.2439137246952,4687.796651201351,2.0169337084045926,-78.88418290239709,0.4002675482987896,0.0,0,0,1,0,0,0
-1480.8187499080589,4480.919352077639,2.0929894620910123,-78.87034185886964,0.4135766820123232,0.0,0,0,1,0,0,0
-1550.4697010911243,4656.321199803961,1.8536929255852053,-78.87621230212459,0.45077362151776346,0.0,0,0,1,0,0,0
-1376.1360204690234,3859.5183983754146,3.5046924048572925,-78.79454425469355,0.2855996818769212,0.0,0,0,1,0,0,0
-1394.862354400023,3846.294685069563,3.3103398496736856,-78.93135117491946,0.2818469332154722,0.0,0,0,1,0,0,0
-1640.5334549525357,4031.334972970239,3.5500219100413477,-78.91553218592685,0.2901045993537286,0.0,0,0,1,0,0,0
-1432.7428218949447,3943.8170124039466,3.379684001848491,-78.834517268063,0.2966974533527844,0.0,0,0,1,0,0,0
-1996.7641583860682,4314.422131710413,3.824745434884709,-79.06069145592578,0.16183760462933403,1.0,0,0,1,0,0,0
-1531.7520628970606,3801.9223416225454,3.5590353804649286,-79.31968355276099,0.24005152726719306,0.0,0,0,1,0,0,0
-1752.7359962126918,4122.455648855822,3.3407587598292676,-79.25930990636665,0.2512687942760257,0.0,0,0,1,0,0,0
-1369.240918483683,3733.2264814717755,3.239828672350158,-79.18105026324571,0.26668614688832454,0.0,0,0,1,0,0,0
-1706.1335705794584,4122.615420688886,3.1677635207239363,-79.24539638449814,0.2562889869681801,0.0,0,0,1,0,0,0
-1917.783636922676,4281.939666292593,3.2229428529095094,-79.27121631030322,0.26958107466501147,0.0,0,0,1,0,0,0
-1872.0391408009161,4272.544426911947,3.04771097673556,-79.31589005609283,0.288119077056121,0.0,0,0,1,0,0,0
-1398.7287685591266,4057.0000430916803,2.4017707364547625,-79.1121017014626,0.3558307985526512,0.0,0,0,1,0,0,0
-1736.5924987785647,4153.5094482777795,3.194912221069067,-79.28994255941879,0.27607861475069795,0.0,0,0,1,0,0,0
-1528.408230776623,3950.823104242451,3.1117460379118906,-79.22585124354192,0.28806135808882716,0.0,0,0,1,0,0,0
-2043.4680152936521,4434.23362116443,3.3696547198963835,-79.2566274058653,0.2681501990961569,0.0,0,0,1,0,0,0
-1497.0420820658812,4020.1099765949953,3.227471808922463,-79.24103199728538,0.2716023080579997,0.0,0,0,1,0,0,0
-1925.9183410215524,4398.269921951605,3.1391219422133316,-79.28233175013445,0.28311226080622015,0.0,0,0,1,0,0,0
-1626.6944370057372,4111.243758470256,2.91380201443371,-79.20993986390086,0.2978882656456963,0.0,0,0,1,0,0,0
-1800.4554914258647,4117.737150399361,3.3689501414187157,-79.25818080633907,0.2573502549087198,0.0,0,0,1,0,0,0
-1572.8634656476092,3952.3873541253633,3.1931824541299165,-79.22808112547283,0.26930202128470304,0.0,0,0,1,0,0,0
-1801.421615633004,4140.277891708167,3.3296219535128633,-79.287125801243,0.25893423637157087,0.0,0,0,1,0,0,0
-1820.6080525991047,4479.23683581735,2.6589767189136313,-79.12004407282923,0.34399208067215425,0.0,0,0,1,0,0,0
-1885.6090134437327,4312.182960139403,3.029331186241985,-79.1717485559004,0.3003150504925476,0.0,0,0,1,0,0,0
-2209.9864570709365,4463.094541455783,3.408029962911771,-79.33501883233195,0.2691597479428026,0.0,0,0,1,0,0,0
-2403.9466935809837,4690.023865389978,3.3979113804842047,-79.30313746471784,0.24766774661077753,0.0,0,0,1,0,0,0
-2386.847294618184,4663.140419947817,3.328155331133437,-79.2632855046334,0.2494193790488083,0.0,0,0,1,0,0,0
-2308.0906899799757,4635.686526346577,3.315553552270788,-79.21815920806576,0.2558384406500764,0.0,0,0,1,0,0,0
-1766.7979781691454,4079.238122205249,3.2852366830563056,-79.52265797963254,0.27952303839515835,1.0,0,0,1,0,0,0
-1743.5449273655,4184.856657077082,3.1123000690614138,-79.14039180093144,0.2960736039435374,1.0,0,0,1,0,0,0
-2121.565215329668,4601.9898601642035,3.4270612665926037,-79.27204358986482,0.2610515144234177,0.0,0,0,1,0,0,0
-1944.732616094416,4228.7126018102235,3.3809488229155633,-79.24173313929343,0.27930660765651283,0.0,0,0,1,0,0,0
-1903.075643257706,4247.747150656127,4.909223302580764,-84.33528950848367,0.22487792235510756,0.0,0,0,0,0,0,1
-1482.7974179463406,3914.943590966318,4.638808366302289,-84.28717094855513,0.21636439809110083,0.0,0,0,0,0,0,1
-1792.64374330466,4092.135722535881,4.837821902009106,-84.27749000773657,0.22150845723390675,0.0,0,0,0,0,0,1
-1447.509252290228,4028.802424053294,4.141294445848587,-84.23507287446219,0.22685265079698724,0.0,0,0,0,0,0,1
-1606.8379581885708,4231.386832333496,3.958080432587387,-84.22954683938067,0.2391257819572262,0.0,0,0,0,0,0,1
-1476.6049668922337,4071.7511586058326,4.02460432587313,-84.16325782757251,0.2548874300910865,0.0,0,0,0,0,0,1
-2164.2767717561137,4416.976652509657,4.730878418406338,-84.2386636403338,0.2285797830022223,0.0,0,0,0,0,0,1
-1761.9705419312622,4034.884043623725,4.920803105313082,-84.6754441847885,0.22702282412955035,1.0,0,0,0,0,0,1
-1588.303012337748,3996.3082111079884,4.821654599883884,-84.57119824809193,0.21850831564515233,1.0,0,0,0,0,0,1
-1487.5759144407855,4066.2519365935245,4.457852178787487,-84.45753009544082,0.22552121912805143,0.0,0,0,0,0,0,1
-1310.8317124695413,3680.751180871213,5.464151928288927,-84.24972235633932,0.23143521016206298,0.0,0,0,0,0,0,1
-1370.1663494525744,4073.6238886351366,4.597782476810858,-84.447167565608,0.21849760490838857,0.0,0,0,0,0,0,1
-1478.7934236166454,4182.86149887064,4.527756106622689,-84.51510768759061,0.21108760561179243,0.0,0,0,0,0,0,1
-1442.0251039654072,3745.6083280446683,5.148705597586213,-84.23160442576582,0.2303549443626988,0.0,0,0,0,0,0,1
-1554.534271508694,3917.644008345953,5.046606781648745,-84.24965450858382,0.23526674164739408,0.0,0,0,0,0,0,1
-1624.6552914335284,4080.0188822519017,5.159131368693227,-84.33225517447504,0.2341733478549395,0.0,0,0,0,0,0,1
-1763.535433364424,4165.473117767984,5.063083130582302,-84.26687469575248,0.24203538375664918,0.0,0,0,0,0,0,1
-1873.3770384521017,4148.505248802356,5.106606239402378,-84.81893547737967,0.2153430603956804,0.0,0,0,0,0,0,1
-1525.996087301023,3780.777441166459,5.1817906269643945,-84.80663424505174,0.2245764181813537,0.0,0,0,0,0,0,1
-1785.6104188472855,4056.510912889765,5.153118562728427,-84.80736553746344,0.2006390638447619,0.0,0,0,0,0,0,1
-1561.6129594673182,3853.388654179222,5.4315295129075825,-84.89080495396212,0.17417783619012314,0.0,0,0,0,0,0,1
-1823.4108263509797,4139.171174751671,5.2639860005647225,-84.78618803819722,0.19662564717483183,0.0,0,0,0,0,0,1
-1702.023583636094,3959.3176928478983,5.280282970527878,-84.77627364085441,0.2024243252099157,0.0,0,0,0,0,0,1
-1846.994676581551,4164.853731676655,5.259142500624336,-84.78867001440277,0.2058130224616571,0.0,0,0,0,0,0,1
-1498.4672908181346,3940.5644713851007,5.101872961129881,-84.76562597965442,0.19522862742071734,0.0,0,0,0,0,0,1
-1933.3518093543553,4340.369433023761,5.318004904531469,-84.8670097093927,0.18432836732917104,0.0,0,0,0,0,0,1
-1748.9638041856124,4072.4997891575435,5.199009329237507,-84.80474449618293,0.2117807198342543,0.0,0,0,0,0,0,1
-1968.6172719730757,4350.597541944302,5.325590434635039,-84.76015793749171,0.22733492595096064,0.0,0,0,0,0,0,1
-1812.3365454026857,4167.348909852749,5.375552020336391,-84.79518600687165,0.19882670000132724,0.0,0,0,0,0,0,1
-1908.363477750673,4249.628031846244,5.175165125650608,-84.8173696256386,0.2242804478586101,0.0,0,0,0,0,0,1
-1571.4362858372854,3920.798869001873,5.274427729424233,-84.7724297861211,0.20653875968704838,0.0,0,0,0,0,0,1
-1812.703103149543,4073.5344620095334,5.388727236196549,-84.7690365997804,0.20495112615909422,0.0,0,0,0,0,0,1
-1555.1301937793019,3852.1661103096953,5.3504197429936875,-84.77806361287762,0.20062688350125166,0.0,0,0,0,0,0,1
-1851.3947889327596,4130.89547106369,5.283859987641017,-84.74874174255858,0.20497036215870915,0.0,0,0,0,0,0,1
-1745.9050157403535,4112.531333525897,5.1225402081103955,-84.720479549626,0.20684341253899438,0.0,0,0,0,0,0,1
-1697.5629687314186,4277.769752840068,5.265915436382036,-84.69924192516775,0.22593874305156372,0.0,0,0,0,0,0,1
-1916.8457773732903,4171.823022919703,5.066234262785396,-84.75114150875459,0.24305780316307882,0.0,0,0,0,0,0,1
-1745.4217620211264,4117.488635058707,5.170393686233543,-84.67568134055402,0.22237289267605104,0.0,0,0,0,0,0,1
-1896.1325735822743,4202.394520017367,5.026523612280749,-84.69142876472215,0.2280573505757421,0.0,0,0,0,0,0,1
-1690.212612118488,3961.767665839175,5.242677441591777,-84.79699231369896,0.21849350172008386,0.0,0,0,0,0,0,1
-1694.2351825590483,4114.545416999439,5.109197872294706,-84.45865418389641,0.24423988385450315,0.0,0,0,0,0,0,1
-1682.717809143334,4077.6686950244075,5.381322910144694,-84.67743578998133,0.21658082896355335,0.0,0,0,0,0,0,1
-1645.2512770981602,3952.7620710698557,5.128651100267769,-84.7017003518838,0.2333499535985504,0.0,0,0,0,0,0,1
-1741.2516989428477,4016.9973231488734,5.109533877378819,-84.66902341142621,0.23522939558119216,0.0,0,0,0,0,0,1
-2247.1866704170075,4675.537249088097,3.6716292387482836,-83.1795194950628,0.26525519526305885,0.0,0,0,0,0,1,0
-1995.042593217621,4534.4613843013385,3.0503740797066583,-83.03608671087798,0.31562062692349424,0.0,0,0,0,0,1,0
-2148.704118991078,4474.423756361662,3.6590290319484393,-83.12176488234358,0.2588714241576027,0.0,0,0,0,0,1,0
-1882.8550306198244,4688.439206924138,2.5919881468945567,-82.96580760499607,0.3585795034705223,0.0,0,0,0,0,1,0
-2213.311454135694,5066.336501573979,2.370445905251909,-82.89126234858685,0.4011019485168719,0.0,0,0,0,0,1,0
-1922.3449782475673,4694.438400046391,2.6577362031839273,-82.90458512888203,0.3531113358795599,0.0,0,0,0,0,1,0
-2387.4613787488424,4627.129309866259,3.8298837999642337,-83.12860487417308,0.2630055243441797,0.0,0,0,0,0,1,0
-1723.6102131623015,3987.971388076566,3.754636468221884,-83.24810648856368,0.2704050681032133,1.0,0,0,0,0,1,0
-1885.9539621398317,4410.223059577808,3.216911861355262,-83.13241572373387,0.305104162451042,1.0,0,0,0,0,1,0
-1726.878110798089,4383.63658951234,2.7750259613656643,-83.02919192319693,0.3459365197804385,0.0,0,0,0,0,1,0
-1722.8456935932013,4422.192536135085,2.708855597638347,-82.98136221320411,0.3635983127111368,0.0,0,0,0,0,1,0
-1836.9660590945339,4625.001077672586,2.5282900618080055,-83.01767492119568,0.3798758942614615,0.0,0,0,0,0,1,0
-1821.9620269039754,4120.870599808872,3.9428837311188083,-82.89461862560556,0.2992471203736226,0.0,0,0,0,0,1,0
-1852.009360372799,4243.198383779645,3.852727473292378,-82.98321560540323,0.2871621725176008,0.0,0,0,0,0,1,0
-1849.0936289556926,4158.814898440007,4.04870742513133,-82.97071510177672,0.27245093465821346,0.0,0,0,0,0,1,0
-1767.843809757447,4178.0210890685585,3.857819910642868,-82.78206100964405,0.3156445476431117,0.0,0,0,0,0,1,0
-1458.7491374826382,3780.1654832298686,4.160935525234887,-83.32210341203513,0.22839051383795414,0.0,0,0,0,0,1,0
-1299.539624083027,3534.6076887953386,4.036247997478598,-83.30150778711548,0.2747953331362408,0.0,0,0,0,0,1,0
-1587.2404857965823,3870.0999884815164,3.99772808122739,-83.34498710953382,0.22552107197219504,0.0,0,0,0,0,1,0
-1453.8836400642,3829.9522923307027,4.052399684933344,-83.36298179090005,0.17621158702566075,1.0,0,0,0,0,1,0
-1719.6165396102015,4016.857765114883,3.983934740539674,-83.3685871323138,0.20647660419458502,0.0,0,0,0,0,1,0
-1526.5151118608264,3793.1806165671205,4.058004575707097,-83.30871929637517,0.22111462405680368,0.0,0,0,0,0,1,0
-1777.3695315594289,4079.1610927509614,3.8898744968171406,-83.32940432786235,0.21630002157456635,0.0,0,0,0,0,1,0
-1474.7976671592967,4024.7354538700847,3.231335238189339,-83.22704653988222,0.26322497520749283,0.0,0,0,0,0,1,0
-1804.2209444207178,4188.250222958937,4.025563326625122,-83.4520602373939,0.1951961764604894,0.0,0,0,0,0,1,0
-1811.6711689107317,4182.456188923132,3.80546959451111,-83.33258201339942,0.2496733109823339,0.0,0,0,0,0,1,0
-1853.8665418000526,4191.055996707893,3.921056634567411,-83.3064382512111,0.2665825381512775,0.0,0,0,0,0,1,0
-1741.1869488700245,4088.0015749996187,3.952620357281621,-83.3288960333646,0.23329306793768728,0.0,0,0,0,0,1,0
-1670.0508163493175,4068.5660372630246,3.795429449740319,-83.26591248627705,0.26222632611893953,0.0,0,0,0,0,1,0
-1585.2807812908604,3945.4900767636827,3.739587768369987,-83.26545495725277,0.24409378166795068,0.0,0,0,0,0,1,0
-1695.478519040494,3935.181149075969,4.156446333881731,-83.32955224170827,0.2222110713266016,0.0,0,0,0,0,1,0
-1506.7586799597234,3896.3893215989333,3.92012166140344,-83.31267927170329,0.22438002235634802,0.0,0,0,0,0,1,0
-1817.8926369059789,4075.3047045775293,3.9359225957154504,-83.33626526226908,0.23227971201607964,0.0,0,0,0,0,1,0
-1680.1243621494195,4075.9315060908384,3.3407173084552446,-83.23656851507221,0.2714931343668903,0.0,0,0,0,0,1,0
-1823.3192607950662,4127.950691768595,3.6588492835105355,-83.24972289154213,0.2830931942842195,0.0,0,0,0,0,1,0
-1594.4715916280013,3797.2355690743116,4.091082158759722,-83.29972752072814,0.2755854098680818,0.0,0,0,0,0,1,0
-1773.2790329526197,4041.115648656989,4.113231219081243,-83.18735326596303,0.25616077660397474,0.0,0,0,0,0,1,0
-1807.611386225968,4044.5832148868662,4.022519202688338,-83.22494256244542,0.25644075564441604,0.0,0,0,0,0,1,0
-1728.4927186470213,4020.746627351422,4.142576197053769,-82.94354229874611,0.26714519040998314,0.0,0,0,0,0,1,0
-1878.0158295412136,4111.218518916884,3.8932410142557106,-83.38349492712611,0.2723245322516052,0.0,0,0,0,0,1,0
-1756.4949942453586,4104.898126164273,3.8418883702075064,-83.17578194377343,0.2546662996508619,0.0,0,0,0,0,1,0
-1825.472554307875,4117.4861706824595,3.8218591207136026,-83.21630873336615,0.31238334472002516,0.0,0,0,0,0,1,0
-1808.5384965979954,4072.5571178118084,4.082345616740977,-83.21504297070841,0.26912998210658656,0.0,0,0,0,0,1,0
-3487.8865276974666,5919.956586086774,3.3618999027438283,-81.21602275993247,0.22253142413895421,0.0,1,0,0,0,0,0
-3021.842439233078,5653.423026460224,2.8932793315522916,-81.12971141489544,0.27145975492612584,0.0,1,0,0,0,0,0
-3354.7665113803805,5749.542758825011,3.4109342427041858,-81.21339082630588,0.2184081334188057,0.0,1,0,0,0,0,0
-2735.5898592031285,5718.1739680177325,2.415577835264391,-80.98074685205776,0.33565297534048133,0.0,1,0,0,0,0,0
-3128.0600643355206,6137.475615396404,2.4478704362281882,-81.06058688999634,0.30935725695559696,0.0,1,0,0,0,0,0
-2473.600801715428,5242.181301379752,2.5906737152009756,-81.02018125811006,0.3055203783667266,0.0,1,0,0,0,0,0
-3861.064713770735,6121.800634650579,3.379925335625892,-81.12088173870181,0.2307058358022608,0.0,1,0,0,0,0,0
-2397.812999599334,4730.220821455126,3.6084365502004476,-81.32870154298558,0.22397506773739323,0.0,1,0,0,0,0,0
-2237.475462966134,4860.422021429307,2.9655187558285445,-81.2113700793845,0.26683451614224235,0.0,1,0,0,0,0,0
-2165.7851665569374,5020.548228087286,2.4019020633323773,-80.99698697091934,0.369886880977755,0.0,1,0,0,0,0,0
-1942.3606494243595,4721.67367648662,2.5775263554012304,-81.03037722336323,0.3344051087906411,0.0,1,0,0,0,0,0
-1775.9323118973732,4515.598901984412,2.3266185831677477,-81.01890659515645,0.36899122505507803,0.0,1,0,0,0,0,0
-2206.091083296071,4510.387852046204,3.9986757309370358,-81.24125728707995,0.20423851485479694,0.0,1,0,0,0,0,0
-2344.316037250818,4935.4373360532,3.7992745791889644,-81.10724908024704,0.22132529744387933,0.0,1,0,0,0,0,0
-2468.301937424006,4808.441954720171,3.9989588339740405,-81.1001220682989,0.2146877196565126,0.0,1,0,0,0,0,0
-2265.9432458081283,4661.146877708523,3.9571641892481595,-80.99478364192323,0.22450970847008525,0.0,1,0,0,0,0,0
-2418.690453967068,4709.580728341727,3.944442019916691,-81.56735000462179,0.19609985050597237,0.0,1,0,0,0,0,0
-2211.242313588307,4451.684995369787,4.130556179590195,-81.58667145804536,0.17542861784357708,0.0,1,0,0,0,0,0
-2333.6640900041616,4638.109554125209,3.765748685451673,-81.56149544535242,0.20670085816083322,0.0,1,0,0,0,0,0
-2158.497796893016,4548.209557327495,3.8848130976572355,-81.59485011971076,0.17493972776134142,0.0,1,0,0,0,0,0
-2586.7275165201395,4989.134380038272,3.5802398985255905,-81.50899805180231,0.2014109265697203,0.0,1,0,0,0,0,0
-1978.8893840735611,4225.607902633587,3.882064861879726,-81.53726713061234,0.19583314985682623,0.0,1,0,0,0,0,0
-2556.5801554803847,4917.485768098808,3.629252115435416,-81.53201441376847,0.2142337854536632,0.0,1,0,0,0,0,0
-1882.694882805576,4405.219993670647,3.076295925705773,-81.43425897097927,0.24563161284447765,0.0,1,0,0,0,0,0
-2864.915986524756,5262.487853204216,3.550717832148885,-81.60103250631883,0.16393083045109552,1.0,1,0,0,0,0,0
-2838.039620648339,5297.953532967757,3.5010323576717144,-81.54286568408997,0.22538190117494378,0.0,1,0,0,0,0,0
-2953.516231070608,5294.142995129164,3.7066974802704933,-81.56956325078029,0.2170062857150813,0.0,1,0,0,0,0,0
-2655.856311341391,5090.298684186805,3.611493470830437,-81.6081882576263,0.22438408612023472,0.0,1,0,0,0,0,0
-3184.8614070608787,5614.625286936512,3.783224915027921,-81.61442539957416,0.16627236565226688,0.0,1,0,0,0,0,0
-3003.5240711704773,5375.937302242482,3.501320783032738,-81.6071144120423,0.1856374654447075,0.0,1,0,0,0,0,0
-2056.244761640597,4404.848886087875,3.914177020817988,-81.50353317796662,0.19076642027011723,0.0,1,0,0,0,0,0
-1641.4258217460672,4048.2978702725795,3.520379361230141,-81.41268241926083,0.2163607490700934,0.0,1,0,0,0,0,0
-2902.7970113588735,5245.12818721358,3.700613053085065,-81.55030433671155,0.2147753483471377,0.0,1,0,0,0,0,0
-2092.247647092478,4490.5897610601605,3.2001366040079797,-81.46796872105845,0.2418709322104606,0.0,1,0,0,0,0,0
-2551.8297981425226,4901.7592984040875,3.55492095948678,-81.50802360423846,0.22831159416995359,0.0,1,0,0,0,0,0
-2662.330700222545,4916.149073382671,3.6990647212586354,-81.50436282473069,0.22639571809953085,0.0,1,0,0,0,0,0
-2795.9948016174467,5113.272704361439,3.5228812838776675,-81.46818003255582,0.220312212575094,0.0,1,0,0,0,0,0
-3125.589472422448,5407.763438009022,3.4881555533565733,-81.39625065775805,0.23280304621737202,0.0,1,0,0,0,0,0
-2871.6562481190663,5131.987572322632,3.486793503642048,-81.54174697669072,0.23047117356195604,0.0,1,0,0,0,0,0
-2433.663483032411,4879.038169480878,3.7363221421655757,-81.16562258828576,0.22978050666531516,0.0,1,0,0,0,0,0
-2232.601574777634,4545.878397492184,3.6562238765642725,-81.42843634908823,0.21495040351245792,0.0,1,0,0,0,0,0
-2704.2816364799564,5015.320648393301,3.8743865061912826,-81.4766563779658,0.16272111432678496,0.0,1,0,0,0,0,0
-2636.2888295020202,5082.4815435987675,3.7807316952639427,-81.41383816368298,0.21412747580109268,0.0,1,0,0,0,0,0
