a,b,c,d,IS_HEALTHY,BRAF v600,KRAS c122,KRAS c146,KRAS c61,NRAS c61,NRAS ex2
-1445.13352311839,3665.02642592213,0.7549819380998938,-81.26798739832901,0.0,0,1,0,0,0,0
-1247.0159456833455,3726.770640281527,0.6730055441224381,-81.17212592906193,0.0,0,1,0,0,0,0
-1357.8146630581193,3541.2303714850077,0.7435015686107507,-81.26314827329067,0.0,0,1,0,0,0,0
-1174.3556033139594,3836.6297481953234,0.6238269445198428,-81.11867957670533,0.0,0,1,0,0,0,0
-1214.2314053921875,3961.558377953081,0.6086159885248204,-81.08978280555188,0.0,0,1,0,0,0,0
-1093.2279884909153,3806.662092603744,0.5582904404971211,-80.80046000504335,1.0,0,1,0,0,0,0
-1460.967774278592,3547.625780629976,0.7634256361797174,-81.24441580914532,0.0,0,1,0,0,0,0
-1083.5287843961144,3265.235269829753,0.7705905080738702,-81.47584564598782,0.0,0,1,0,0,0,0
-1018.8886146177715,3495.170125628135,0.724617620615257,-81.3659917697079,0.0,0,1,0,0,0,0
-941.0129810042317,3610.868435619339,0.6691200144617997,-81.26310020499608,0.0,0,1,0,0,0,0
-904.187394704884,3588.998845639511,0.575858652911406,-80.99252636224013,1.0,0,1,0,0,0,0
-897.0657329565153,3601.17883071972,0.6454285941876622,-81.2738419381767,0.0,0,1,0,0,0,0
-1051.565775053773,3265.4350416605794,0.6808240394354538,-80.94996544654545,1.0,0,1,0,0,0,0
-874.01234511869,3222.7442325377433,0.8264388263830231,-81.07048583324429,0.0,0,1,0,0,0,0
-950.8327191864468,3138.920230790732,0.8458563458759687,-81.16938250867118,0.0,0,1,0,0,0,0
-988.1502028282059,3336.7762459943515,0.8378407785433833,-81.10043808201281,0.0,0,1,0,0,0,0
-1221.3448858981126,3305.8102529671146,0.750640009317904,-81.63356334764141,0.0,0,1,0,0,0,0
-1116.9663510324124,3199.700477959362,0.6672994379537983,-81.28267891163328,1.0,0,1,0,0,0,0
-1096.3110504106767,3213.3458385570484,0.7107912104680881,-81.58992718735513,0.0,0,1,0,0,0,0
-1045.3190932509112,3181.029115530211,0.6702721202486136,-81.2628278443249,1.0,0,1,0,0,0,0
-1041.2836953375186,3203.4453861491224,0.6854475631908602,-81.51500929097494,0.0,0,1,0,0,0,0
-965.2418396797161,3132.241849383081,0.7798673045052725,-81.59798801404598,0.0,0,1,0,0,0,0
-1138.4264351404786,3336.434049308243,0.72830322042483,-81.62769294331294,0.0,0,1,0,0,0,0
-828.8730476528038,3293.567222870553,0.6694886309431142,-81.4834443974034,0.0,0,1,0,0,0,0
-1098.9921330270536,3365.572205712083,0.7390410309346689,-81.5660522590782,0.0,0,1,0,0,0,0
-1084.6824648221127,3373.0096493784677,0.7436610881181384,-81.52735609035022,0.0,0,1,0,0,0,0
-1156.1935768646429,3426.0596556054393,0.6670629359802698,-81.29885546931582,1.0,0,1,0,0,0,0
-825.7377163371353,3019.8373939481603,0.6547776941913512,-81.29243164973376,1.0,0,1,0,0,0,0
-1214.3784445280576,3411.875124314586,0.7749617684532981,-81.62421421495357,0.0,0,1,0,0,0,0
-1074.1597128926228,3354.293262905414,0.7445775358276532,-81.59277273550173,0.0,0,1,0,0,0,0
-1122.3449692798947,3221.4275255688476,0.6508291553926278,-81.21954050058082,1.0,0,1,0,0,0,0
-1079.7610897623085,3226.121566972104,0.6874040710498197,-81.49027035254906,1.0,0,1,0,0,0,0
-1087.5640095820918,3223.4689990073202,0.7571506859463468,-81.58718538535466,0.0,0,1,0,0,0,0
-1074.508558720901,3371.4235786619734,0.7156931765006384,-81.5594448662957,0.0,0,1,0,0,0,0
-1212.824533940057,3436.1693198231,0.763756125977183,-81.62747107270414,0.0,0,1,0,0,0,0
-1430.4856385860146,3515.3287342613817,0.8034611198923692,-81.57729617163075,0.0,0,1,0,0,0,0
-1513.8505715436727,3612.2592702801267,0.6570589280996013,-81.13409927657642,0.0,0,1,0,0,0,0
-1467.235576339707,3587.2197789350594,0.7586268051643692,-81.44708058400924,0.0,0,1,0,0,0,0
-1368.2679176036054,3521.1836066822625,0.7772612548438316,-81.42861413934713,0.0,0,1,0,0,0,0
-1349.8623458474497,3554.0294538137164,0.777968589628032,-81.5087630146293,0.0,0,1,0,0,0,0
-1259.874737091967,3506.6731697085065,0.7719129440827989,-81.39155363935448,0.0,0,1,0,0,0,0
-1338.5152136100055,3534.2708412439647,0.8058713517745669,-81.45754425601248,0.0,0,1,0,0,0,0
-1419.2565860917696,3548.6621083556984,0.7054123784989026,-80.99547914283471,0.0,0,1,0,0,0,0
-1205.5018986538378,3451.4617990313077,0.49400333422236675,-79.43299607303479,0.0,0,0,0,1,0,0
-1101.1203559438318,3537.0749022894984,0.4397581032696992,-79.37340159626513,0.0,0,0,0,1,0,0
-1176.2032811844003,3363.7634769842066,0.49529555217663424,-79.35927928128199,0.0,0,0,0,1,0,0
-1034.067314643857,3681.486385183112,0.40659044856551235,-79.03046402494871,1.0,0,0,0,1,0,0
-1224.0965520546376,4080.543993275541,0.3929319337007871,-79.32454188703828,0.0,0,0,0,1,0,0
-1059.1317070430323,3794.6955583099484,0.39897196516853334,-79.25155840128842,0.0,0,0,0,1,0,0
-1287.6612627619188,3382.231248971684,0.5181012987906309,-79.3170481414964,0.0,0,0,0,1,0,0
-956.3048912127934,3138.3559740670894,0.5263638985980998,-79.78626647845716,0.0,0,0,0,1,0,0
-945.0187874701481,3399.0262150543326,0.47029193114077594,-79.6524590540649,0.0,0,0,0,1,0,0
-909.1121384243701,3517.8289423287442,0.4214132268932296,-79.27260016339797,1.0,0,0,0,1,0,0
-731.7083338575923,3045.032174675813,0.5722290220456644,-79.17722965481532,1.0,0,0,0,1,0,0
-837.5867061545608,3476.6639538489408,0.4416753278062107,-79.52867330962727,0.0,0,0,0,1,0,0
-906.4864325469982,3593.212405897947,0.4262436348708467,-79.59376080860152,0.0,0,0,0,1,0,0
-945.4991111409144,3133.9029359770625,0.5589848785890259,-79.56431444192329,0.0,0,0,0,1,0,0
-935.7403226729001,3291.6970171091452,0.54639536165387,-79.43777202717763,0.0,0,0,0,1,0,0
-957.9887821787113,3074.1710964850668,0.5371465273197809,-79.4725602454912,0.0,0,0,0,1,0,0
-954.6161210804296,3164.606562453747,0.5350536457692531,-79.40761769511688,0.0,0,0,0,1,0,0
-1153.381232584617,3248.503032692748,0.5100052460704751,-79.9482780433229,0.0,0,0,0,1,0,0
-958.051904177212,3066.595788920921,0.5211256409037057,-79.8821547726093,0.0,0,0,0,1,0,0
-1099.4869666612265,3216.997884410349,0.5149746827824467,-79.90435566881291,0.0,0,0,0,1,0,0
-949.1479759720588,3051.050460979013,0.4970252957002007,-79.88547471152093,0.0,0,0,0,1,0,0
-1125.4681554083113,3322.3785821247466,0.4995325229655544,-79.89320745786796,0.0,0,0,0,1,0,0
-986.830145171814,3164.0994565999326,0.51375718286645,-79.82112159878879,0.0,0,0,0,1,0,0
-1174.0786828946725,3377.158682275484,0.4958936685968162,-79.85763082198548,0.0,0,0,0,1,0,0
-948.7266496138196,3377.695038649483,0.47176240883319864,-79.83606887133584,0.0,0,0,0,1,0,0
-1027.687115915163,3264.520281454708,0.5159838368199413,-79.85582328358164,0.0,0,0,0,1,0,0
-1077.4604348055132,3362.1345085211315,0.5156085372017262,-79.90322092456657,0.0,0,0,0,1,0,0
-1076.4279956754367,3183.8715873132314,0.5261159234439079,-79.867427985726,0.0,0,0,0,1,0,0
-1031.390438240781,3156.8118078623215,0.4953741621872954,-79.81108594068029,0.0,0,0,0,1,0,0
-1159.1669615137612,3359.8000858046116,0.48960084194129966,-79.92744199175121,0.0,0,0,0,1,0,0
-1024.2857744343778,3268.311404655039,0.46856366983860287,-79.80480640192738,0.0,0,0,0,1,0,0
-1140.522232812926,3232.2993361387653,0.5189374970108722,-79.86992591422887,0.0,0,0,0,1,0,0
-976.9942088686803,3131.684446369453,0.5200651920967588,-79.85105748223259,0.0,0,0,0,1,0,0
-1149.0037278443335,3290.698381836294,0.5220364503457997,-79.855216805659,0.0,0,0,0,1,0,0
-1116.3025360289007,3465.878984630099,0.45955750774092435,-79.7796052570246,0.0,0,0,0,1,0,0
-1179.4474671832684,3384.6448602856253,0.5036202433678878,-79.85849885401142,0.0,0,0,0,1,0,0
-1020.148186385395,3104.568516808475,0.5187583098867313,-79.47593878653862,0.0,0,0,0,1,0,0
-1026.6221101917874,3125.2464270795595,0.5022438077088892,-79.64421439781628,0.0,0,0,0,1,0,0
-993.4479534569855,3070.218740528816,0.48995543274749076,-79.57291295724453,0.0,0,0,0,1,0,0
-953.2158398550242,3072.6522690930337,0.5051016604796771,-79.60997469357841,0.0,0,0,0,1,0,0
-991.5990938551527,3160.0091532428796,0.5246969847765511,-79.38075757539502,0.0,0,0,0,1,0,0
-975.4854979476502,3164.4897351393633,0.5195454264367024,-79.65310940554923,0.0,0,0,0,1,0,0
-1081.6005235078774,3230.009380621294,0.5138511846315591,-79.70321606849707,0.0,0,0,0,1,0,0
-972.5281154396905,3164.2127433802693,0.541128137855529,-79.68900058388735,0.0,0,0,0,1,0,0
-1154.9141717927953,3529.2616814496064,0.8621310816387983,-78.37326777662621,0.0,0,0,1,0,0,0
-931.1809201086581,3597.7054255807348,0.7738402200188602,-78.27563509698713,1.0,0,0,1,0,0,0
-1111.0915673459203,3442.496326461187,0.8482205827511125,-78.3098172949817,0.0,0,0,1,0,0,0
-900.7021298504078,3861.2511791359298,0.6834355758466256,-78.16307518693489,0.0,0,0,1,0,0,0
-998.9677219850928,4141.28622253793,0.6641242042604886,-78.14598479651403,0.0,0,0,1,0,0,0
-872.530434397005,3958.3029274034616,0.7166146820589738,-78.09857270293014,0.0,0,0,1,0,0,0
-1349.0593349512617,3451.9787424701753,0.8823205475442482,-78.32370251415333,0.0,0,0,1,0,0,0
-949.3216457718822,3206.6707655759783,0.8707731943783874,-78.52707329845215,0.0,0,0,1,0,0,0
-979.6089040844204,3627.6572800036856,0.7773106339116648,-78.39272452260775,0.0,0,0,1,0,0,0
-852.8534709399045,3817.929540545163,0.6701599847272123,-78.21953720280992,0.0,0,0,1,0,0,0
-784.0368180533931,3683.7306519158683,0.7144201021814179,-78.24782400082422,0.0,0,0,1,0,0,0
-828.0124009906399,3823.141186189125,0.6539162735775205,-78.26566027399,0.0,0,0,1,0,0,0
-710.0312248142512,3119.068827045345,0.9955839667758221,-78.16244386337694,0.0,0,0,1,0,0,0
-720.2542336775844,3090.156177731013,0.9296319337455025,-78.26455789137218,0.0,0,0,1,0,0,0
-848.8477299154061,3151.1097659159573,1.0129036254071764,-78.29938957393085,0.0,0,0,1,0,0,0
-743.105045932043,3173.415689981533,0.9742956393919053,-78.2097579903274,0.0,0,0,1,0,0,0
-969.9969178640175,3159.895968769556,0.7901232957195979,-78.11412615261145,1.0,0,0,1,0,0,0
-774.2649244790841,2960.5951418239565,0.9296482083759023,-78.58722287349083,0.0,0,0,1,0,0,0
-897.9349453074013,3159.435979940848,0.877746687546135,-78.52192295882631,0.0,0,0,1,0,0,0
-701.0539574222048,2984.198480159872,0.8888294901926668,-78.46711779612879,0.0,0,0,1,0,0,0
-873.085813214273,3182.150122971492,0.8457961357390195,-78.49269975698158,0.0,0,0,1,0,0,0
-982.0857486119888,3234.41888508517,0.890727094732427,-78.55941113169808,0.0,0,0,1,0,0,0
-966.033099383613,3252.7985156844197,0.869446374714733,-78.61976025898925,0.0,0,0,1,0,0,0
-733.2828037551229,3298.4779081802008,0.7627197008524048,-78.44232199671045,0.0,0,0,1,0,0,0
-892.3468820729369,3206.7830904972266,0.8918846372504571,-78.59021010230464,0.0,0,0,1,0,0,0
-789.9034164277246,3119.819154050059,0.8846587638905564,-78.54081058293082,0.0,0,0,1,0,0,0
-1046.118442234506,3322.3172088582965,0.9289654241402784,-78.5646484999622,0.0,0,0,1,0,0,0
-770.9797405602758,3203.0799917604804,0.8870258413462115,-78.53595956510081,0.0,0,0,1,0,0,0
-990.5077668243664,3349.8596555908143,0.8907522340302603,-78.58995880099722,0.0,0,0,1,0,0,0
-840.8712251705664,3224.8448913765833,0.8473042728354048,-78.51364420704952,0.0,0,0,1,0,0,0
-924.3786400513992,3132.851201525289,0.8972719983313061,-78.53965435941618,0.0,0,0,1,0,0,0
-808.4388312135904,3091.935623549348,0.8755562956208783,-78.51239430463541,0.0,0,0,1,0,0,0
-920.3894576831527,3153.9885725687545,0.8989035065978072,-78.56776783315722,0.0,0,0,1,0,0,0
-953.1555387132682,3496.7703009356,0.8285585264679043,-78.47576646755971,0.0,0,0,1,0,0,0
-973.6983852686564,3289.896884744914,0.8877111216665053,-78.49983484376506,0.0,0,0,1,0,0,0
-1129.5738619708163,3262.6196298593322,0.9462696716443622,-78.65075611926993,0.0,0,0,1,0,0,0
-1224.0128060954512,3369.7021726550106,0.8953051864563982,-78.56351650656613,0.0,0,0,1,0,0,0
-1211.2517752899932,3350.1650496093575,0.8870804887524263,-78.51752389758146,0.0,0,0,1,0,0,0
-1179.997827434531,3370.0642628064948,0.8866239618770183,-78.48698802239183,0.0,0,0,1,0,0,0
-911.4325865285979,3120.772282250361,0.9183424001185738,-78.84334278530307,1.0,0,0,1,0,0,0
-898.1826175196117,3240.1691624699256,0.9071522849455367,-78.473379324961,1.0,0,0,1,0,0,0
-1083.8484891215376,3445.555664033929,0.9322487154489457,-78.57171888778058,0.0,0,0,1,0,0,0
-997.8688325368848,3176.524073570849,0.9556837725468934,-78.57642952778838,0.0,0,0,1,0,0,0
-1000.7926605915139,3210.053489630402,1.1273919073510477,-83.75077716605706,0.0,0,0,0,0,0,1
-778.272513208545,3099.108048711956,1.039160762690319,-83.65555091053929,0.0,0,0,0,0,0,1
-937.8070906841027,3112.55005859818,1.1100292486341006,-83.67733044112425,0.0,0,0,0,0,0,1
-760.1750490644008,3228.8253032141647,0.9619763253930759,-83.57381502923597,0.0,0,0,0,0,0,1
-843.2557988086736,3343.934393151109,0.9575242252082868,-83.57864649543444,0.0,0,0,0,0,0,1
-775.7076915994808,3265.927183059052,1.0167275111063925,-83.55285148718917,0.0,0,0,0,0,0,1
-1132.9146000284472,3239.2845665913624,1.1100016754083932,-83.63980223823413,0.0,0,0,0,0,0,1
-948.9534139069248,3062.5065477498365,1.0910467716882666,-84.11394498302519,1.0,0,0,0,0,0,1
-848.4981351522925,3117.603636050806,1.0550195896995542,-83.97708865875057,1.0,0,0,0,0,0,1
-789.903342253726,3242.764411399117,1.010870843428675,-83.84079329182256,0.0,0,0,0,0,0,1
-685.5200622356305,2975.6340209519094,1.2985991734630742,-83.72800474523417,0.0,0,0,0,0,0,1
-728.0151120265044,3315.304090208958,1.016176693940875,-83.82694824949128,0.0,0,0,0,0,0,1
-788.0005599919771,3357.1445397505536,0.9710723126448777,-83.87271639468574,0.0,0,0,0,0,0,1
-753.9960722957557,2966.7914376393032,1.218131652651965,-83.67820170302336,0.0,0,0,0,0,0,1
-814.5033245271841,3077.967576479913,1.208382986704353,-83.69923371422153,0.0,0,0,0,0,0,1
-854.0548843394089,3201.8916562539703,1.2222295650785968,-83.79079010888364,0.0,0,0,0,0,0,1
-925.871817304223,3215.7905188771824,1.232060429252863,-83.73197353101247,0.0,0,0,0,0,0,1
-1020.4968747703903,3103.4647078622897,1.0658349628959873,-84.25692791068272,0.0,0,0,0,0,0,1
-828.6344423202315,2935.305717869728,1.1231162019107257,-84.2712261617299,0.0,0,0,0,0,0,1
-970.4599414653106,3053.142827677223,1.024296577487878,-84.21392498019607,0.0,0,0,0,0,0,1
-856.5266663972031,2960.2847984823975,0.9531672273810735,-84.25700871467235,0.0,0,0,0,0,0,1
-990.5896847514081,3115.8310699395247,1.0295983491618534,-84.19047009846349,0.0,0,0,0,0,0,1
-923.0221155420253,3008.381838145558,1.059518792445209,-84.1957672136375,0.0,0,0,0,0,0,1
-1003.4535290042136,3133.797980024827,1.0653948767975157,-84.21563165599434,0.0,0,0,0,0,0,1
-812.6736014589727,3096.292294261076,0.9970130364966625,-84.15259434037091,0.0,0,0,0,0,0,1
-1058.5747057487804,3241.814189727298,0.9774681699132102,-84.25012845694333,0.0,0,0,0,0,0,1
-949.9390012096034,3096.9308212347337,1.0778655535921295,-84.24272956227091,0.0,0,0,0,0,0,1
-1064.8334841079939,3267.130168806387,1.1704285410082964,-84.23879823169337,0.0,0,0,0,0,0,1
-984.4478081386803,3153.5110472860133,1.06057819424825,-84.21475007141015,0.0,0,0,0,0,0,1
-1038.1080224344196,3191.22632183229,1.1166379876301238,-84.28175055331683,0.0,0,0,0,0,0,1
-851.3278477494712,3044.885836287674,1.077835800376005,-84.20175933611745,0.0,0,0,0,0,0,1
-981.2850165424113,3065.0492720787556,1.0940949299700164,-84.20237644690852,0.0,0,0,0,0,0,1
-842.4934989737243,2983.437086713585,1.069166114160361,-84.19938969221835,0.0,0,0,0,0,0,1
-1001.0956892510263,3099.730487648098,1.0747803690750224,-84.17250427993515,0.0,0,0,0,0,0,1
-943.2266029045185,3139.396025678697,1.0540286724715955,-84.13465425625483,0.0,0,0,0,0,0,1
-912.0941546579983,3344.298318406889,1.1683093871046961,-84.16788110778097,0.0,0,0,0,0,0,1
-1035.9073994935336,3121.0318252421243,1.1745205158193142,-84.23943677661609,0.0,0,0,0,0,0,1
-937.6727366002401,3157.0103194737094,1.1332969354792821,-84.12408990336077,0.0,0,0,0,0,0,1
-1021.6090641424037,3158.231143487361,1.1173641533470957,-84.1415497819021,0.0,0,0,0,0,0,1
-917.608234364528,3024.6345813391754,1.1143273417562936,-84.25159254936881,0.0,0,0,0,0,0,1
-896.185577312111,3197.5648480233745,1.23460563097738,-83.93984716089176,0.0,0,0,0,0,0,1
-903.186208064243,3151.5808089517777,1.1578636962930915,-84.13227285398503,0.0,0,0,0,0,0,1
-885.2537684986028,3049.416965253074,1.1618434836787612,-84.17378233793647,0.0,0,0,0,0,0,1
-936.2476746709358,3063.3223070320673,1.1646545205257426,-84.1410534867976,0.0,0,0,0,0,0,1
-1153.850608904517,3460.946248400407,0.9988851204904656,-82.52565786943929,0.0,0,0,0,0,1,0
-1032.9440779178356,3459.1468790494528,0.9187533905829496,-82.40312250245083,0.0,0,0,0,0,1,0
-1097.0109404730633,3308.796208574365,0.9892812404219375,-82.452329146516,0.0,0,0,0,0,1,0
-985.1677229425021,3674.5830660966662,0.8302830047937463,-82.34056014734419,0.0,0,0,0,0,1,0
-1163.064149858377,3882.175352418356,0.8059447044368061,-82.30293078285625,0.0,0,0,0,0,1,0
-1006.8646607279155,3659.2793451995717,0.8419612505406525,-82.28144801304309,0.0,0,0,0,0,1,0
-1221.8397714276487,3340.950443608644,1.0437785099700974,-82.48934497247394,0.0,0,0,0,0,1,0
-884.9468212536029,3060.3478200312034,1.0360684229369834,-82.61708933681099,1.0,0,0,0,0,1,0
-979.7154667224631,3394.205551397319,0.9420559537600286,-82.5038391734141,1.0,0,0,0,0,1,0
-904.4253546349476,3454.7689086271525,0.8681021546629851,-82.41275409732626,0.0,0,0,0,0,1,0
-902.7715722756094,3499.1429061342237,0.8735248807962308,-82.38692676654406,0.0,0,0,0,0,1,0
-967.8248662747226,3640.090312580713,0.8288594999954483,-82.42211551029773,0.0,0,0,0,0,1,0
-939.068144470036,3154.8184425353584,1.15922881122958,-82.34527787458617,0.0,0,0,0,0,1,0
-956.4641706962132,3254.964515272772,1.0962735878043297,-82.40058954320286,0.0,0,0,0,0,1,0
-951.6986462549897,3170.923336391372,1.1186413871616605,-82.38034799185724,0.0,0,0,0,0,1,0
-913.1058655865342,3243.8087030579213,1.1705878371188074,-82.2537879835403,0.0,0,0,0,0,1,0
-739.9000895124097,2986.977423888471,1.039993552716103,-82.64175781592364,0.0,0,0,0,0,1,0
-666.463499168483,2840.9199274770895,1.1316558323741093,-82.71398841584818,0.0,0,0,0,0,1,0
-804.0635887958631,3001.794737924314,0.9915096596220484,-82.63717122966635,0.0,0,0,0,0,1,0
-723.3413117190834,3008.24227206552,0.8562085298770188,-82.50546443202785,1.0,0,0,0,0,1,0
-871.6287718085853,3064.7972997423612,0.9213617611921852,-82.60429607081986,0.0,0,0,0,0,1,0
-776.0856352765647,2957.558746617134,0.9839075485573386,-82.59622494408475,0.0,0,0,0,0,1,0
-901.595510440257,3098.7303630892166,0.9307589812850939,-82.58078829202609,0.0,0,0,0,0,1,0
-757.8166939901002,3215.869461803731,0.8704029062895021,-82.50542962356893,0.0,0,0,0,0,1,0
-908.0149424305956,3182.5483481829906,0.9034113712330657,-82.65833677515226,0.0,0,0,0,0,1,0
-930.0517768450253,3199.1531638584725,0.9909317809333801,-82.66103459225019,0.0,0,0,0,0,1,0
-954.1807695267478,3195.6535540768778,1.0669282538330849,-82.68771960323052,0.0,0,0,0,0,1,0
-889.8610791730937,3138.798363877867,0.9874702527968475,-82.6350403322859,0.0,0,0,0,0,1,0
-856.9506833976524,3167.140541402552,1.0250788770823338,-82.62297520414492,0.0,0,0,0,0,1,0
-808.6896643922028,3080.683985382438,0.968890654006291,-82.57266284647694,0.0,0,0,0,0,1,0
-864.2747788256106,3010.123949848831,1.006617199057281,-82.63235786479402,0.0,0,0,0,0,1,0
-766.7901561134025,3069.9697793478012,0.9579832760700973,-82.59126037017602,0.0,0,0,0,0,1,0
-922.4008215571548,3082.97318625175,0.9947684762024855,-82.63818174942142,0.0,0,0,0,0,1,0
-866.6608248248041,3161.338887348123,0.9138361037582953,-82.55204414911789,0.0,0,0,0,0,1,0
-938.8315297765482,3149.241370166003,1.0367098381294495,-82.63458824638762,0.0,0,0,0,0,1,0
-821.8720980629454,2946.9545392904474,1.1377115273217255,-82.72114244227659,0.0,0,0,0,0,1,0
-910.1013101423955,3088.803753846465,1.0940530828642507,-82.56864708046383,0.0,0,0,0,0,1,0
-929.2074578562236,3072.0591625094626,1.067527287055579,-82.59571319350694,0.0,0,0,0,0,1,0
-887.8237649562719,3096.76346554714,1.133143294266158,-82.35414833815705,0.0,0,0,0,0,1,0
-966.5203495630652,3104.6921606522105,1.0758940724659507,-82.77359501259009,0.0,0,0,0,0,1,0
-900.202305127961,3154.392384621196,1.0182632887168355,-82.52214580860213,0.0,0,0,0,0,1,0
-943.4447657019603,3151.421284851068,1.1509582272680587,-82.67722504576581,0.0,0,0,0,0,1,0
-932.033729408162,3105.7412661119984,1.11587454964267,-82.6213423855714,0.0,0,0,0,0,1,0
-1767.6012754990318,3972.086223872401,0.8263770492369185,-80.40135336556628,0.0,1,0,0,0,0,0
-1547.8416795764708,3984.3651874767893,0.8032179552904535,-80.36667048448977,0.0,1,0,0,0,0,0
-1697.3155667370013,3873.8755675414113,0.8292608070817036,-80.39503460820883,0.0,1,0,0,0,0,0
-1422.6186281531545,4223.901058997525,0.7502931759330093,-80.27132596620878,0.0,1,0,0,0,0,0
-1622.0597176807184,4411.219611628156,0.7251072550794212,-80.29885464381356,0.0,1,0,0,0,0,0
-1279.1815205571108,3882.7484549735846,0.7649539460948086,-80.27991389376551,0.0,1,0,0,0,0,0
-1965.3266426761002,3979.6184844297136,0.8473068735364311,-80.3308604361013,0.0,1,0,0,0,0,0
-1213.025182835393,3402.6595439373673,0.8940234472033344,-80.56015607648723,0.0,1,0,0,0,0,0
-1144.4335808540523,3624.228629418918,0.8146822200145266,-80.45208056998851,0.0,1,0,0,0,0,0
-1131.7826415255333,3851.707359171762,0.7849453784085295,-80.35611167195805,0.0,1,0,0,0,0,0
-1008.0164484238652,3666.1163420818502,0.8015226017561674,-80.3533335742514,0.0,1,0,0,0,0,0
-928.3495109062432,3554.005033318861,0.7590704202105691,-80.36138535453239,0.0,1,0,0,0,0,0
-1111.8718893865173,3287.3995627884046,0.9305110013004099,-80.47249606651282,0.0,1,0,0,0,0,0
-1186.5844902623583,3642.6565138634846,0.9313096666945031,-80.3603909807493,0.0,1,0,0,0,0,0
-1246.9362378674948,3449.472494237604,0.9629156546739037,-80.36215949812734,0.0,1,0,0,0,0,0
-1150.0147625747395,3419.2711749676923,0.9755176807543218,-80.27962370413832,0.0,1,0,0,0,0,0
-1203.2149717323048,3357.4655946311086,0.9125527481365538,-80.76693398720393,0.0,1,0,0,0,0,0
-1088.3566567354742,3201.2724769295514,0.8925401591850964,-80.7440287423094,0.0,1,0,0,0,0,0
-1164.64689915199,3335.84393716066,0.9014641365743672,-80.76920929229,0.0,1,0,0,0,0,0
-1067.354070976412,3318.2742795396803,0.8287553233254457,-80.71201453631626,0.0,1,0,0,0,0,0
-1288.457157196288,3531.6203049752685,0.8406740453216704,-80.66959633497686,0.0,1,0,0,0,0,0
-989.862124758151,3117.6189966654433,0.8865472249464503,-80.72587874314439,0.0,1,0,0,0,0,0
-1288.1610849351143,3493.2148623716903,0.8749672974136301,-80.73984612136503,0.0,1,0,0,0,0,0
-956.5716715075561,3356.676486263664,0.8066683196842439,-80.63976410891485,0.0,1,0,0,0,0,0
-1369.728363160949,3588.6236515081323,0.7628877534268138,-80.62032158774973,1.0,1,0,0,0,0,0
-1425.8003198458634,3721.1669591964624,0.8813488160404587,-80.7635776490315,0.0,1,0,0,0,0,0
-1483.8774389694217,3656.3001571303876,0.9086971177095772,-80.7958872763787,0.0,1,0,0,0,0,0
-1342.006089269528,3620.374888895539,0.8977217720907348,-80.84116746981371,0.0,1,0,0,0,0,0
-1543.2369631098081,3776.395688733339,0.8035768165742975,-80.68241296456593,0.0,1,0,0,0,0,0
-1470.5944932390746,3655.9060137535666,0.7967287556468107,-80.69995793535097,0.0,1,0,0,0,0,0
-1032.0098413630083,3250.538563578703,0.8697335957544352,-80.67991956699747,0.0,1,0,0,0,0,0
-825.3059829189727,3131.355256825885,0.8578895240936343,-80.61119530321312,0.0,1,0,0,0,0,0
-1453.7997361025273,3631.6407047360944,0.9055270646257509,-80.7710651797988,0.0,1,0,0,0,0,0
-1065.9877286320798,3328.3919890034304,0.8261679646178052,-80.68446431879201,0.0,1,0,0,0,0,0
-1291.112812393332,3489.7462564483235,0.8926786515780598,-80.74480528754582,0.0,1,0,0,0,0,0
-1346.570422087277,3448.8133288125755,0.9257195207042208,-80.75536437830421,0.0,1,0,0,0,0,0
-1412.3724266609709,3558.3575076512057,0.8658006031837391,-80.67302775191182,0.0,1,0,0,0,0,0
-1579.9050354617339,3681.0528579636734,0.8919571859351798,-80.63123269286586,0.0,1,0,0,0,0,0
-1442.984112818693,3541.881552988551,0.8952463200552815,-80.77213794023353,0.0,1,0,0,0,0,0
-1230.971467599453,3541.0018111754475,0.9444558088024392,-80.43362744686529,0.0,1,0,0,0,0,0
-1124.876807660451,3303.7433077860273,0.8846191100167763,-80.64267617797687,0.0,1,0,0,0,0,0
-1303.7123769688103,3454.0396069737003,0.8166857162608033,-80.54411109106161,0.0,1,0,0,0,0,0
-1327.66743210075,3621.535545423524,0.9144139630428957,-80.64228445056466,0.0,1,0,0,0,0,0
